{"eval_loss":0.0448266789,"eval_f1":0.976017196,"eval_accuracy":0.9766,"eval_runtime":38.9604,"eval_samples_per_second":128.335,"eval_steps_per_second":4.03,"epoch":3.0}