{"eval_loss":0.0444428958,"eval_f1":0.9759137611,"eval_accuracy":0.9768,"eval_runtime":39.5849,"eval_samples_per_second":126.311,"eval_steps_per_second":3.966,"epoch":3.0}