{"eval_loss":0.5012702942,"eval_f1":0.9747093019,"eval_accuracy":0.975,"eval_runtime":1.6088,"eval_samples_per_second":1243.176,"eval_steps_per_second":52.213,"epoch":3.0}