{"eval_loss":0.4976095259,"eval_f1":0.9788575185,"eval_accuracy":0.9785,"eval_runtime":1.7663,"eval_samples_per_second":1132.341,"eval_steps_per_second":47.558,"epoch":3.0}