{"eval_loss":0.0495366119,"eval_f1":0.9770214056,"eval_accuracy":0.9779166667,"eval_runtime":4.7461,"eval_samples_per_second":2528.38,"eval_steps_per_second":90.39,"epoch":3.0}