{"eval_loss":0.049570296,"eval_f1":0.9761607171,"eval_accuracy":0.977,"eval_runtime":2.5448,"eval_samples_per_second":2357.776,"eval_steps_per_second":84.487,"epoch":3.0}