{"eval_loss":0.0505046099,"eval_f1":0.9761607171,"eval_accuracy":0.977,"eval_runtime":2.7484,"eval_samples_per_second":2183.075,"eval_steps_per_second":90.961,"epoch":3.0}