{"eval_loss":0.0505046099,"eval_f1":0.9761607171,"eval_accuracy":0.977,"eval_runtime":2.6369,"eval_samples_per_second":2275.39,"eval_steps_per_second":94.808,"epoch":3.0}