{"fp32_val":{"accuracy":0.9778333306,"f1":0.9769436045},"fp32_test":{"accuracy":0.9769999981,"f1":0.9761607171},"pruned_val":{"accuracy":0.9775833488,"f1":0.9767062454},"pruned_test":{"accuracy":0.9766666889,"f1":0.9758350115},"amount":0.2}