{"fp32_val":{"accuracy":0.9778333306,"f1":0.9769436045},"fp32_test":{"accuracy":0.9769999981,"f1":0.9761607171},"int8_val":{"accuracy":0.977666676,"f1":0.9767862861},"int8_test":{"accuracy":0.9775000215,"f1":0.9767042925}}